Mission Mini Wholegrain Wraps 8 Pack, $1.43 / 100G
Abe's Bagels Thins Natural 6 pack, $2.00 / 100G
Woolworths Traditional Carrot Cake 450g, $1.89 / 100G
Woolworths Chocolate Brownie 300G, $2.50 / 100G
Abe's Bagels The Supergrain Bagels 360g, $1.53 / 100G
Brioche Gourmet Plant Based Brioche Burger Buns 4 Pack, $1.63 / 1EA
Sauer's Bakehouse Turkish Bread Wholemeal 430g, $0.86 / 100G
Glicks Sesame Bagel 4 Pack, $1.25 / 100G
Burgen Cholesterol Lowering Whole Grain & Oats Bread Bakery 700g, $1.00 / 100G
Nana Premium Lebanese Bread Wholemeal 500g, $0.76 / 100G
Brioche Gourmet Sliced Loaf 500g, $1.76 / 100G
