Birds Eye Deli New Zealand Whiting Fillets Light Batter 250g, $40.00 / 1KG
Ingham's Chicken Breast Schnitzel 400g, $21.25 / 1KG
McCain Beer Batter Wedges 750g, $7.73 / 1KG
Four'N Twenty Sausage Roll Jumbo 6 Pack, $1.29 / 100G
Macro Organic Frozen Mango 450g, $20.00 / 1KG
Steggles Chicken Breast Tenders Sweet Chilli 1kg, $13.50 / 1KG
Streets Cyclone Ice Blocks Peach, Pineapple and Blueberry 86mL x 8 pack, $1.31 / 100ML
Creative Gourmet Frozen Dragon Fruit Chunks 400g, $15.00 / 1KG
Creative Gourmet Frozen Passion Fruit Pulp 400g, $15.00 / 1KG
Calippo Streets Mini Water Ice Block Raspberry Pineapple 10 pack, $1.57 / 100ML
McCain Healthy Choice Chinese Chicken Cashew Frozen Meal 280g, $1.79 / 100G
