Capilano 100% Pure Australian Honey Jar 500g, $1.72 / 100G
Coco Earth Ready Meal Chicken Soft Taco Kit 320g, $2.50 / 100G
Dollar Sweets Sprinkles Fives 125g, $2.00 / 100G
Three Threes Apple Sauce Country Style Each, $1.28 / 100G
Twinings Darjeeling Tea Bags 10 Pack, $0.30 / 1EA
Capilano 100% Pure Australian Honey Non Active Manuka Squeeze 340g, $2.50 / 100G
Fowlers Baking Aids Vacola Jamsetta 50g, $6.00 / 100G
Gourmet Garden Mixed Herbs Lightly Dried 8g Sachet, $5.00 / 10G
MasterFoods Seasoning Garlic Steak 50g, $0.80 / 10G
Passage To India Simmer Sauce Tikka Masala 375G, $1.68 / 100G
Safcol Smoked Mussels In Oil 85g, $23.53 / 1KG
Tandaco One Pan Dinner Savoury Noodles 200g, $2.80 / 100G
Baxter's Caramelised Onion Relish 240g, $2.25 / 100G
Continental Soup Sensations Cheesy Broccoli & Potato Serves 2 56g, $6.25 / 100G
Dolmio Extra Italian Herbs Tomato Pasta Sauce 500g, $0.92 / 100G
